語彙,意味
青パト,青色のライトをつけた車でパトロール（見て回る）こと
歩きたばこ,歩いている時にたばこを吸うこと
暗証番号,あなたが決める秘密の番号です。電子証明（№352）を使うときに必要です。
あんしん電話,家で急に体調が悪くなった時、すぐに家族や近所の人にお知らせする機械。一人ぐらしの障害がある人やおとしよりの人が使います。
安否確認,生きているかどうか、ケガをしていないかを調べること
育児講座,子どもを育てるために役立つ話を聞くことができます。子どもの年にあわせたご飯や遊び方など
育児支援センター園,"子育て（子どもを育てること）について困ったことを相談（聞くこと）ができます。
小学生より小さい子どもがいる人は使うことができます。"
育児相談,"子どものことで心配なことがある時、相談（聞くこと）ができます。
保育所や役所に行って相談できます。電話でも相談できます。"
育成医療,17歳までの子どもの病気を治す時に払うお金が少なくなります。役所がお金のほとんどを出してくれます。全部の病気やけがではありません。
遺族基礎年金,こどもがいる人が死んだとき、家族がもらいます。もらえないときもあります。
一時多量ごみ,一度にたくさん出るごみ
一時保育事業,小学校に入る前の子どもを保育園に、（少しの間）、預ける（世話をしてもらう）ことができます。
一部負担金,国民健康保険証や健康保険証を使って、病院や薬局へ行ったときに払うお金のことです。
異動,住所や名前が変わった時や、生まれた時、死んだ時など、前から変わること。仕事をするところの健康保険をやめたり、はいったりすることなど。
委任状,手続（あなたがやらなければいけないこと）を他の人にお願いする時に書く書類（紙）
医療援助,国などが病院や薬のお金をだすこと。人によって、わりあい（％）が違います。
医療給付,難病などで病院に行った時、払うお金が安くなることがあります。
医療給付制度,病気やけがの時に、国や市のお金で病院に行くことができる制度（きまりごと）
医療費控除,自分や家族のために病院のお金を払ったとき、所得税が安くなること
医療費支給申請,病院や薬局で払ったお金が戻ってきます。役所で手続します。
印影,紙に押したはんこの形
印鑑証明書（印鑑登録証明書）,あなたのはんこがあなたのものであるということを証明する（分かるようにする）書類（紙）
印鑑登録（印鑑証明）,あなたのはんこがあなたのものであるということを登録する（知らせる）こと
印鑑登録証,印鑑登録証明書（№22）をもらうためのカード。印鑑登録した時にもらいます
印鑑登録証亡失届,印鑑登録証（№24）をなくしたことを役所に知らせる書類（紙）
印鑑登録廃止申請,印鑑登録（№23）をやめたいと役所に知らせること
運賃,バスや地下鉄に乗るときに払うお金
運転免許証（自動車運転免許証）,車を運転してもよいことが分かるカード。本人確認書類（資料）（№516）のひとつです。
営業許可,食べ物のお店を始めていいよ、ということ
営業許可証,食べ物のお店を始めていいよ、という書類（紙）
営業許可申請,食べ物のお店を始めるための手続
営業許可申請書,食べ物のお店を始めていいですか、という書類（紙）
駅事務室,駅で仕事をしている人がいるところ。忘れ物をした時や困った時に相談できます。
液状化,地震で地面の形が変わったり、穴が開いたり、水が出たりすること
押印,はんこを紙に押すこと
お客様サービスセンター,きっぷを買う時や横浜で遊ぶ時に相談できます
オンライン資格確認,病院で、マイナンバーカード（№520）または被保険者証（№442）を使い、オンラインで情報の確認ができること
海外療養費,"海外で病気やけがをして病院に行ったときに払ったお金が戻ってきます。
国民健康保険に入っていなければなりません。
病気やけがを治すために海外に行った人は戻ってきません。"
介護,ふだんの生活にたすけがいる人の世話をすること
外国人登録,"日本に住む外国人が住所などを登録する（知らせる）こと。
2012年になくなりました。"
外国人登録証明書,「外国人登録」をした外国人がもつカード。2012年から在留カード（№178）か特別永住者証明書（№369）に変わりました。
外国籍,日本以外の国籍を持っていること
介護サービス,"介護保険で使うことができるサービスです。
家で使うことができるサービス（身の回りのお世話など）、施設で受けることができるサービスなどがあります。"
介護支援専門員,「ケアマネージャー」（№104）のこと
介護者,介護（生活の世話）をする人
介護扶助,生活保護をもらっている人が介護（生活の世話をすること）が必要になったときに、サービスを受けられます。
介護報酬,おとしよりの世話をする仕事でもらえるお金
介護保険,年をとって生活ができなくなった時、いろいろなサービスが受けることができる制度（決まりごと）。みんなでお金を出し合います。
介護保険サービス,「介護サービス」（№43）のこと
介護保険証,介護保険に入っていることを証明する（わかるようにする）カード
介護保険制度,決まりごとです。年をとって生活ができなくなったときに、いろいろなサービスが受けることができます。みんなでお金を出し合います。
介護予防,"年をとっても元気で介護（No.39）を必要としないようにすること
また、介護が必要になった人を、元気な状態にもどしたり、それ以上悪くしないようにすること"
回収,集めること
介助器具,補聴器やメガネなど、耳や目などが悪い人が使う道具
快速運転,速い電車。止まらない駅があります。
開庁日,役所が開いている日
家屋,家や建物など
（金）額,お金がいくらかということ
学生納付特例,お金が少ない学生は国民年金のお金を払わなくてもいいです。手続きをしなければいけません。
確定申告書,所得税をいくら払うかを決める書類（紙）
学童保育,小学生が授業が終わったあと、仕事をしている親（お父さん、お母さんなど）がむかえに来るまで自分の家の代わりにいることができるところ。世話をする人もいて、みんなで遊んだり、宿題をしたり、おやつを食べたりして一緒にいろいろなことをします。
課税,役所が税金を決めること
課税証明書,1年間の所得と住民税をわかるようにする書類（紙）。固定資産税のものもあります。
課税標準額,税金がいくらになるかということを計算するための基の金額
火葬（埋葬）許可証,死んだ人を焼いたり埋めたりしてもよいことがわかる書類（紙）。死亡届（№213）を出すと役所でもらえます。
学区（通学区域）,"住んでいる場所で入学する小学校と中学校が決まっています。
その場所（地域、エリア）のこと。"
学校運営協議会,学校の近くに住んでいる人や、その学校の子どもの親（お父さん、お母さんなど）などが、よい学校にするために話し合う会
学校開放,学校の近くに住んでいる人などが、学校の体育館やグラウンド（校庭）、教室などを使うこと。
学校休業日,学校が休みの日。土曜日、日曜日、夏休みなど。
家庭ごみ,家から出るごみ
家庭的保育事業,横浜市が決めた人（家庭保育福祉員）の家などに、０～２歳の子どもを３～５人預ける(世話をしてもらう）ことができます。
家庭保育福祉員,横浜市が決めた人（資格がある人）。その人の家などに、０～２歳の子どもを３～５人預ける（世話をしてもらう）ことができます。
寡婦年金,夫が死んだ時、妻がもらえるかもしれません。もらえないときもあります。
環境衛生,周りの空気・水などをきれいにすること。
がん検診,がん（死ぬかもしれない病気）を早くみつけるために体をみてもらうこと
官公署発行,役所が出した書類（紙）
"観光スポット周遊バス
「あかいくつ」",赤レンガ倉庫や元町・中華街など横浜の観光スポットに行くバスです。
鑑札,犬を登録したことの証明です。首輪につける小さな札です。犬を飼うときは登録して札をつけなければいけません。
感染症（対策）,人にうつる病気
還付金詐欺,区役所の人だと言って「お金が戻ってくる」とうそを言って、お金を取る犯罪（悪いこと）
感電ブレーカー,地震のときに家の電気が止まるようにする機械
起算,"〇〇した日から数えること
例：入国した日から起算して"
基礎年金番号,年金に入っている人がもらう番号。一人ずつ番号が違います。
基礎年金番号通知書,基礎年金番号（No.83）を知らせる書類（紙）。年金に入るともらいます。
喫煙禁止地区,外でタバコを吸うことができないところ
救援物資,災害があった場所へ送る食べものや毛布、薬など
休日急患診療所,日曜日、祝日、12月30日～１月３日に行くことができる病院。内科と小児科があります。10:00～16:00までです。
休日保育,日曜日や祝日に、お父さんやお母さんが仕事などで世話ができない時に使うことができます。
給与所得,給与（給料やボーナスなど）の分の所得
教育総合相談センター,小学生や中学生が、学校に行けなかったり、いじめなどで困った時に相談できるところ
狂犬病,人にも動物にもうつるこわい病気。人が狂犬病になると死にます。
狂犬病予防注射,狂犬病にならないように、犬が受ける注射です。毎年１回受ける必要があります。
共助,災害のときのためにみんなで助け合うこと
居宅介護支援事業者,おとしよりの生活についての仕事をする人。計画をたてます。
禁煙支援薬局,たばこをやめたい人が相談できる薬屋さん。病院も教えてくれます。
禁煙相談,たばこをやめたいときに相談（聞くこと）ができるところです。たばこをやめる方法を知ることができます。
緊急保育（一時保育事業）,"困った時に、小学校に入る前の子どもを保育所に預ける（世話をしてもらう）ことができます。
お父さんやお母さんなどが急に病気になって入院しなければならない時などに利用できます。"
〇〇禁止区域,〇〇してはだめなところ
区域外就学届,横浜市に住んでいる※お子さんが、国立や私立などの小中学校に通うときに役所に出す書類（紙）　※住民登録がある
グリーンライン,中山駅から日吉駅まで行く横浜市の地下鉄。緑の線です。
訓練・介助器具助成制度,横浜市に住む17歳までの障害のある子どもは、補聴器やメガネなどを買う時に、安くなります。手続しなければなりません。収入が多い人は安くなりません。
ケアハウス,一人で生活することが心配で、世話をする人がいないおとしより（60歳以上）が安く住むことができる施設。食事がつきます。お風呂があります。
ケアプラン,介護サービスの計画です（どのサービスを使いますか、どれだけ使いますか）。ケアマネージャーと一緒に考えます。
ケアマネージャー,おとしよりの生活についての仕事をする人。計画をたてます。
軽自動車,660ccより小さい車
軽自動車税,軽自動車などをもっている人が払う市税
系統,バスの番号
敬老パス,横浜市内のバスと地下鉄などに何回でも乗ることができるカード。１年間使うことができます。横浜市に住んでいたら、70歳からもらうことができます。このカードをもらうためには、お金を払うときがあります。
経路時刻表検索システム,横浜市のバスや地下鉄での行き方や時間を調べるシステム
結婚証明書,「婚姻（№165）していること」を証明する（わかるようにする）書類（紙）
減額,税金を安くすること
減額措置,役所が税金を安くすること
元気づくりステーション,自分の家の近くでみんなと一緒に、介護予防（No.52）や健康づくりを行うグループの活動
減災行動,災害のときに困ったことを減らすために行うこと
県税,県に払う税金
源泉徴収票,1年間にもらった給料や年金と、払った所得税（No.266）を書いた書類（紙）
券売機,きっぷを買うことができる機械
県民税,県に住所がある人や会社などが払う県税
広域避難場所,地震での大火事から命を守るために逃げるところ
（住民票の）広域交付,住民票（№232）を住んでいないところの役所でもらうこと
高額介護サービス,要介護認定を受けている人が、介護保険サービスを受けて、月に決まったお金よりたくさん払った時、お金が戻ってきます。
高額療養費,"国民健康保険（№141）に入っている人は、病院や薬局へ行ったとき、払ったお金が、月に決まった金額をこえると、こえた金額が戻ってきます。
戻ってくるお金があるときは区役所からお知らせがあります。"
公課証明,固定資産課税台帳に書いてあることを証明する（わかるようにする）書類（紙）。税額がわかります。
後期高齢者医療制度,75歳以上の人や、65歳から74歳で障害がある人のための制度（決まりごと）。おとしよりが病院や薬局に行ったとき、払うお金が少なくなります。
後期高齢者医療被保険者証,後期高齢者医療制度に入っていることを証明する（わかるようにする）カード
公共職業安定所（ハローワーク）,仕事を探すことができるところ。失業保険の手続きもできます。
後見人（成年後見人）,成年後見制度（№295）で決めたあなたの代わりの人
公助,災害のときのために、役所が行うこと。救助活動や避難場所の用意など。
更生医療,身体障害者手帳　を持っている人が、手帳（ノート）に書いてある障害を病院でみてもらいます。
厚生年金,会社で働いている人などが加入します。
交通系ＩＣカード（PASMO・Suicaなど）,地下鉄やバスに乗るときに使えるICカード。PASMOやSuicaなどがあります。
公的医療保険,この保険に入っていると病気やけがをなおすときに払うお金が少なくなります。日本では、すべての人が入ります。
公的個人認証,電子証明（№352）のこと
交付,役所が出した書類（紙）やマイナンバーカード（№520）をもらうこと
高齢者虐待,おとしよりに暴力をしたり、世話をしなかったり、おとしよりが困ることをすること
高齢受給者証,病院や薬局で払うお金のわりあい（％）が書いてある紙。健康保険に入っている７０歳から７４歳までの人がもらいます。
高齢障害支援課,区役所の窓口の一つ。おとしよりや障害がある人のことについて相談できます。
小型家電,電気・電池で動く小さな製品。携帯電話やデジタルカメラなど
小型家電回収ボックス,いらなくなった電気・電池で動く小さな製品を入れる箱。集めたものをリサイクルします。
国税,国に払う税金
国民健康保険,"会社の健康保険※などに入っていない人が入る医療保険（病院の料金が安くなります）です。
※健康保険…病気やけがをした時のための保険。病院で払うお金が少なくなります。"
国民健康保険証,国民健康保険（№141）に入っている人が病院にかかるときに出すカード。2024年12月２日からマイナンバーカード(№520)が代わりになります。
国民年金,"保険料を払った人は、年をとった時や病気やけがで働くことができなくなった時などに、生活のためのお金をもらうことができます。
日本に住んでいる20歳から59歳の人は、日本人も外国人もみんな「国民年金」に入ります。"
古紙,いらなくなった紙。本・新聞・ダンボールなど
個人県民税,お金をもらった人が払う県税。前の年の所得でいくら払うかが決まります。
個人事業税,自分でビジネスをする人が払う県税
個人市民税,お金をもらった人が払う市税。前の年の所得で、いくら払うかが決まります。
個人住民税,個人市民税と個人県民税
個人情報,名前、性別（男か女）、生まれた日、住所のこと
個人番号,「マイナンバー」（№519）のこと
個人番号カード交付・電子証明書発行通知書兼照会書（交付通知書）,マイナンバーカード（№520）を受け取る時に必要なはがきです。申し込みが必要です。
戸籍,日本の国籍をもつ人が、役所に登録した（知らせた）家族の情報（名前、生まれた年・月・日など）
（区役所）戸籍課,"区役所窓口の一つ。
引っ越し（住む場所を変えること）、結婚、子どもが生まれた時などについて手続き（あなたがやらなければいけないこと）をするところです。"
戸籍個人事項証明（戸籍抄本）,戸籍（№152）の中の一部のひとだけを証明する（わかるようにする）書類（紙）
戸籍全部事項証明書（戸籍謄本）,戸籍（№152）の中の全員を証明する（わかるようにする）書類（紙）
戸籍謄抄本,戸籍（№152）の中の全員または一部の人だけを証明する（わかるようにする）書類（紙）
戸籍の附票（戸籍の附票の写し）,戸籍（№152）にのっている人の住んでいたところがわかる書類（紙）
戸籍法,戸籍（№152）の法律（決まり）
子育て支援,子どもを育てる時に心配なことや大変なことがある時に、周りの人や市が助ける（力を貸す）こと
固定資産課税台帳,固定資産税をはらう人がもっている土地、家屋、償却資産のことを書いたもの
固定資産税,土地、家屋、償却資産などをもっている人が払う市税
（区役所）こども家庭支援課こども家庭係,区役所の窓口の一つ。子育て（子どもを育てること）や母子健康手帳、児童手当、保育園のことを相談（聞くこと）ができます
こども家庭相談,子どもを育てている人が相談（聞くこと）ができます。赤ちゃんから18歳までの子どもについてです。
古布,いらなくなった布。洋服など
婚姻,（国が法律（決まり）で認めた）結婚のこと
婚姻届,結婚をする時に役所に出す書類（紙）
婚姻要件具備証明書,結婚できることを証明する（分かるようにする）書類（紙）。結婚する人の国の役所が出します。
こんにちは赤ちゃん訪問,民生委員（No.528）などがお母さんと赤ちゃんが元気でいられるようにいろいろな情報をくれます。
災害,地震、大雨、台風などで、困ったことが起きること
災害時給水所,地震などで水が止まったときに水がもらえるところ
災害弔慰金,火事や地震、大雨、台風などで、死んだ人の家族が役所からもらえるお金。
災害見舞金,火事や地震、大雨、台風などで、けがをしたり家が壊れたりした人が役所からもらえるお金。
在学証明書,"その学校の子ども・生徒・学生であることを証明する（わかるようにする）もの。
学校に行くためのバスや電車に安くのるための書類（紙）です。学校がつくります。"
再交付,役所が出した書類（紙）をなくした人が、もう一度同じ書類（紙）をもらうこと。もう一度、交付（No.134）してもらうこと
在宅介護支援センター,地域包括支援センター（No.322）とほぼ同じ
在宅サービス,年をとった人や障害がある人が、家で生活するために受けられるサービス
再発行,再交付（№174）のこと
在留カード,90日以上日本にいる外国人がもつカード。入国管理局でもらえます。
差押え,給料や売り上げ、貯金、家、自動車などを役所が税金の代わりに取ること。税金を期限（決まった日）までに払わない人から取ります。
市営,市の
市営バス一日乗車券,横浜市営バスに一日何回でも乗れるきっぷ
視覚障害,目に障害のある人
資格証明書,"役所が出したもので、自分の名前や資格※が分かるもの。運転免許証や在留カードなど。  
※資格…ライセンス"
資源回収拠点,資源物（№186）を置くことができるところ
資源集団回収,自治会・町内会（No.189）などで紙や布など、リサイクルできるものを集めること
資源物,もう一度使うことができるもの
自助,災害のときのために、自分・家族の命・生活を守ること。食べものや水を用意することなど。
市税,市に払う税金
自治会町内会,近くに住んでいる人たちが作る団体（グループ）。近所の問題を考えたり、助け合ったりします。
実印,役所に印鑑登録（No.23）したはんこ
失効,使うことができなくなること。効果がなくなること。
実費相当額,かかったお金と同じ
指定医,診断書、意見書を書くことのできるお医者さん。身体障害者手帳、自立支援医療、小児慢性特定疾病医療給付、補装具などの申請のときに相談します。
指定医療機関,生活保護や自立支援医療のために市が決めた病院や薬やさん
指定校,行くことが決まっている小学校と中学校。住んでいるところで決まります
指定地区外就学許可制度,横浜市では通う小中学校が決まっています。ほかの横浜市立の学校に行きたいときは、「なぜ通いたいか」（理由）が必要です。
自転車駐車場,自転車やオートバイを止める（ための）ところ
（自転車等の）放置,"自転車やオートバイを、止めてはいけないところ※に置いて、そこからいなくなること
止めてはいけないところは決まっています。※道の上や公園などの公共の場所"
自転車等放置禁止区域,「（自転車等の）放置」「○○禁止区域」（No.198、98を見てください。）
自転車等保管場所,"役所が放置自転車等を持っていくところ
あなたの放置自転車等を取りにいくところ。お金がかかります。"
児童,子ども
自動車検査証,車の検査を受けたときにもらう書類（紙）。車を持っている人や使う人の名前が書いてあります。
自動車取得税,車が自分のものになる時に払う県税
自動車税,軽自動車ではない車をもっている人が払う県税
自動車臨時運行許可（仮ナンバー）,特別にその時だけ使うことができるナンバープレートです。区役所で申請します。
児童手当,子どもを育てている人が、役所からもらうことができるお金。収入（もらったお金やもの）と年齢（子どもの年）によって変わります
児童福祉施設,子どもの面倒をみる（世話をする）ための場所・建物。保育所や児童養護施設など
児童福祉法,子どもを守るための法律
児童扶養手当,18歳までの子どもをひとりで育てている親（お父さん、お母さんなど）は、お金をもらうことができます。収入（もらったお金やもの）によって決まります。
シニアパス,65歳以上の人が、横浜市営バスに何回でも乗れるきっぷ。３か月か６か月の間  使うことかできます。「あかいくつ」には乗れません。
支払い期限,お金をこの日までに、はらわなければいけません。
死亡診断書,人が死んだことについて書いてある、お医者さんが出した書類（紙）
死亡届,人が死んだことを役所に知らせる書類（紙）。人が死んだらすぐ出してください。
市民税,市に住所がある人や会社などが払う市税
社会福祉協議会,毎日の生活の中で困っている人を助けるためにいろいろな人と協力して支えていく団体（グループ）。
社会福祉士,生活に困っている人を助けるための勉強をして、よく知っている人。国のテストに合格した人。
就学,学校に入って勉強すること
住基カード（住民基本台帳カード）,名前や生まれた日、住所などが書いてあるカード。2016年にマイナンバーカード（№520）に変わりました。
住居表示,住んでいる町の名前や住所の番号を役所が変えること
住居表示変更証明書,住んでいるところの町の名前や住所の番号を、役所が変えたことがわかるようにした書類（紙）
収集,集めること
住所地,住んでいる場所
集積場所,ごみを出すところ。決まった曜日の朝８時までに出します。
住宅改修費,要介護認定を受けている人が、家で生活しやすいように家を直したとき、役所が払ってくれるお金。直す前に区役所に相談しなければなりません。
住宅用家屋証明書,住んでいる家だと証明する（わかるようにする）書類（紙）
住宅用火災警報器,火事になりそうなとき、音や声で教えてくれるもの。
重度障害者医療証,"この券（カード）を持っていると病気やけがをなおす時にお金が０円になります。
体や心に重い障害があって、１級などの手帳を持っている人がこの券を使えます。"
重度身体障害者,からだに重い障害がある人です。
住民基本台帳法,住所などの手続（あなたがやらなければいけないこと）の法律（決まり）
住民税,市民税と県民税
住民登録,あなたが住んでいることを役所に登録する(知らせる)こと
住民票（住民票の写し）,あなたや家族が住んでいるところを証明する（わかるようにする）書類（紙）。住所、氏名（名前）、生まれた日など
住民票記載事項証明書,住民票にのっていることを選んで証明する（わかるようにする）書類（紙）。住所、氏名（名前）、生まれた日など
受給権者,年金をもらうことができる人です。
出産育児一時金,国民健康保険や健康保険に入っている人が、赤ちゃんを産んだ時にもらえるお金
出生証明書,子どもが生まれたことを証明する（わかるようにする）紙。お医者さんまたは助産師（赤ちゃんを生むときに力を貸してくれる人）が書きます。
出生届,子どもが生まれたことを役所に知らせる書類（紙）。子どもが生まれた日から2週間のうちに出してください。
出生連絡票,赤ちゃんが生まれたことを役所に知らせるためのはがき
障害基礎年金,障害がある人がもらいます。もらえないときもあります。
障害児・障害者,障害のある人
障害者自動車燃料券,障害がある人が自分の車のガソリン代の支払いに使える券（チケット）。横浜市が決めた人がもらえます。手続きしなければなりません。
障害者総合支援法,障害者のためのサービスについての法律
障害者手帳,障害者が持つことができる手帳（ノート）。いろいろなサービスや手助けを受けることができます。
障害者福祉施設,障害のある人が住むところや、昼に行くところ。生活を手伝ってもらったり、仕事の練習をしたり、ものをつくったりするところ。
照会書（照会文書）,確認する（はっきりする）ための書類（紙）です。家に届きます。
浄化槽,家から出た汚れた水をきれいにするためのタンク
償却資産,ビジネスのために長い間、使うもの。例えば、機械や机、イスなど
乗車券,きっぷ
小児医療証,こどもが、病気やけがで医者にみてもらったり、薬やさんで薬をもらう時に持っていきます。持っていくと０円になります。
小児医療費助成,こどもが病気やけがで、病院や薬局に行ったとき、お金が0円になる仕組み。
小児慢性特定疾病,小児がんなど、いくつかの特別な病気。子ども（18歳まで）が国や市のお金でお医者さんにみてもらうことができます。
消費生活総合センター,物を買ったときや、サービスを利用したときのトラブル（こまったこと）について話を聞いてくれるところ。横浜市に住んでいる人、横浜市にある会社で働いている人や学校に通っている人が相談できます。
情報提供等記録開示システム,マイナポータル（No.518)のこと
証明発行,あなたを証明する（わかるようにする）書類（紙）を役所が出すこと
職業体験プログラム,短い間、仕事をやってみるプログラム
職業的自立,あなたが仕事をして、働いたお金で生活すること
食中毒,食べものや飲みものに混ざっていた、ばい菌や虫、毒が原因で病気になること
食品営業許可,役所が食べ物のお店を始めていいよ、ということです。
食品衛生,食べ物や飲み物で病気にならないようにすること
食品衛生責任者,お店の人。食べ物や飲み物で病気にならないようにします。
食品衛生責任者証,食品衛生責任者の名前が書いてある書類（紙）。
食品ロス,まだ食べることができるのに捨てているもの
女性専用車,車の一部。決まった時間に女の人だけが乗れるところ。小学生以下の子どもや障害のある人と助ける人も乗ることができます。
除籍,昔の戸籍（No.152）の情報（データ）
所得,収入（もらったお金）から、経費（そのお金をもらうために使ったお金）を引いたものです。計算のやり方は法律で決まっています。
所得税,所得があった人が払う国税
署名用電子証明書,電子証明（No. 352）のこと
自立支援医療,障害を軽くしたり、なおしたりするためのお金が安くなります。
申告（税に関する申告）,自分の家、土地、車、もらったお金などについて、税務署や区役所に教えること。これをすると自分の税額が決まります。
申告書（税に関する申告書）,申告のための書類（紙）
心身障害児・心身障害者,からだや脳に障害がある子どもやおとな
申請,役所にお願いすること
申請書,役所にお願いするために書く紙
身体障害者,からだに何か障害がある人
身体障害者手帳,身体障害者がもらう手帳（ノート）
スクールカウンセラー,心のことがよく分かる人。学校に行けなかったり、いじめ、暴力（力や言葉で、人をきずつけること）など困った時に、子どもやお父さんお母さんの話を聞いてくれます。
ステーションアテンダント,地下鉄の駅で、いろいろ教えてくれる人。大きい駅にいます。
３Ｒ,リユース、リデュース、リサイクルのこと
税額,税金がいくらかということ
生活衛生,生活（食べ物、飲み物、住まい）についての衛生
生活習慣病,毎日の生活のしかたでなってしまう病気。食べ物やお酒やたばこ、運動をしないことで病気になります。
生活保護,がんばっても生活するお金が足りないときに、生活するためのお金をもらいます。自分の力で生活できるまで手伝ってもらうこと。
生活保護受給者,生活保護をもらっている人
生活保護世帯,生活保護をもらっている世帯
請求者,役所に（何かをして）欲しいと思っている人
税金,国や県や市がするサービスのために人や会社などが払うお金
青少年,子どもや若い人
青少年指導員,子どもたちのためにイベントや夜のパトロールなどをする地域のリーダー
税証明発行窓口,課税証明書（No.53）や納税証明書（No.404）をもらうところ
精神障害者,こころの病気や、お酒やドラッグの問題があって、生活が難しい人
精神障害者保健福祉手帳,こころの病気があって、生活が難しい人が持つことができる手帳（ノート）
精神通院医療,こころの病気などで病院に行っている人が  もらえる書類（紙）。病院で払うお金が安くなります。
精神保健指定医,精神障害者を診るお医者さん。この人が考えて決めて入院させることができます。本人が入院したいかどうかは、関係ありません。
精神保健福祉相談,大きな心配やこころの病気について相談する（聞く）ことができます。
成年後見制度,一人で大事なことを決めたり、お金を払うことがむずかしくなった時、代わりにやってくれる人（後見人）を決める制度（決まりごと）です。
成年被後見人,"一人で大事なことを決めたり、お金を払うことができない人です。
かわりにやってくれる人（後見人）が必要です。裁判所（法律でよい、悪いを決めるところ）が決めた人が後見人です。"
（区役所）税務課,区役所の窓口の一つ。税金のしごとをするところ。
世帯,同じ家で一緒に生活する人のグループ
世帯員,同じ家で一緒に生活する人。同じ世帯（No.298）の人のこと
世帯主,世帯（No.298）を代表する（みんなで選ぶ）人
世帯主変更,世帯（No.298）を代表する（みんなで選ぶ）人を別の人に変えること
世帯変更届,"世帯（No.298）の人を変えたことを（結婚や離婚※の時など）役所に知らせる書類（紙） 
※離婚…結婚をやめること"
全線定期券,市営のバスにどこでも何回でも乗れる安いきっぷ。いつからいつまでと決まっています。「あかいくつ」は乗れません。
葬祭費,お葬式などをした人が役所で手続きするともらえるお金。死んだ人が国民健康保険に入っていなければなりません。
相続,死んだ人が残したもの（お金や借金など）を引き継ぐ（受け取る）こと
相続人,死んだ人が残したもの（お金や借金など）を引き継ぐ（受け取る）人
粗大ごみ,家から出す大きいごみ。タンスなど
第一号被保険者,国民年金に入っている人
第三号被保険者,20歳から59歳までで、第一号被保険者でも第二号被保険者でもない人
第三者請求（戸籍・住民票）,他の人があなたの戸籍全部事項証明書（No.155）や住民票（No.232）を役所でもらうこと
耐震改修,建物を強くすること。大きな地震があっても倒れにくくします。
耐震診断,大きな地震があったときに倒れないかどうか建物の強さを調べること
第二号被保険者,厚生年金に入っている人
対面朗読,文字が読めない人や読みにくい人、本のページをめくることが難しい人などのために、係の人が声に出して本を読みます。市立図書館でやっています。
代理権確認書類,代理人（No.316）かどうか役所に知らせる書類（紙）（委任状（No.15)など）
代理人,任意代理人（No.388）か法定代理人（No.492）のこと
脱退一時金,6カ月以上国民年金のお金を払った外国人が、国に帰る時、もらえる場合があるお金。保険料を払った期間で金額は変わります。
地域活動拠点,中学生や高校生が自由に勉強や遊びができるところ
地域活動支援センター,障害のある人が、ほかの人たちと一緒に、ものをつくったり、話し合ったりできるところ
地域ケアプラザ,おとしより、子ども、障害者やボランティア活動についていろいろな相談を受けて、必要なサービスにつなげてくれるところ。
地域子育て支援拠点事業,"小学校に入る前の小さい子どもが遊ぶ部屋があります。子どもたちや子どもを育てている人と友だちになることができます。
⼦どものことを相談（聞くこと）ができます。"
地域包括支援センター,おとしよりが相談（聞くこと）をするところ
地域防災拠点,地震で家に住むことができないとき、生活するところ。ずっといることはできません。
地域ユースプラザ,15歳から39歳までの人がいろいろな問題について相談できます。ここに来る人たちと交流もできます。横浜市に４つあります。0円です。
地域療育センター,障害のある子どもたちが行くことのできるところ。相談や訓練を行います。お医者さんがいます。
地下鉄１日乗車券,横浜市営地下鉄に一日何回でも乗れるきっぷ
地積,土地の広さ
地籍,土地の情報（誰のものか、何に使うか、広さなど）
知能指数,考える力などをあらわす数（IQ）。テストで調べます。
チャージ,ICカードにお金を入れること。
中国残留邦人支援給付制度,制度（決まりごと）です。『中国残留邦人』に生活をしてくために必要なお金を渡します。
中国残留邦人等支援法,『中国残留邦人』と『樺太残留邦人』が自分の国や地域に帰ることの手伝いや日本で生活ができるように助けるための法律。
注射済み票,犬に注射（狂犬病予防注射）をしたことの証明。首輪につける小さな札です。犬を飼うときは注射をしなければいけません。
徴収,税金や料金を集めること
通学区域特認校,通学区域に関係なく行くことができる学校
通所介護,おとしより（おじいさん・おばあさん）が昼に決められたところに行って、生活に必要な世話を受けるサービス。
通知カード,マイナンバー（No.519）を知らせる書類（紙）。名前、住所、生まれた日、性別（男か女）とマイナンバーが書いてあります。2020年５月25日からはありません。
通知カード紛失,通知カード（No.337)を失くすこと。すぐ役所へ知らせてください。
通知書,役所がする（した）ことをあなたに知らせる書類（紙）
続柄,一緒に住んでいる人の関係のこと（例：夫、妻、父、母、子など）
津波避難施設,津波から逃げるためのところ。
定期券（定期乗車券）,決まった場所で何回でも乗れる安いきっぷ。いつからいつまでと決まっています。
デイサービス,おとしよりが昼間に過ごします。生活に必要な世話を受けるところ。
低所得,給料などが、少ないこと
停留所,バスがとまるところ。バス停。
適正処理困難物,横浜市では集めていないごみ。消火器、タイヤ、バッテリー、ガソリンなど
手数料,手続（あなたがやらなければいけないこと）をする時に払うお金
手続き,役所ですること
転居,【横浜市版】住んでいる区の中で引っ越し（住む場所を変えること）をすること
転居届,【横浜市版】住んでいる区の中で引っ越し（住む場所を変えること）したことを、役所に知らせる書類（紙）
転校（転入学）,引っ越し（住む場所を変えること）などで学校が変わること
電子証明,"あなたがインターネットなどを使って手続（あなたがやらなければいけないこと）する時、「あなた」であることを証明する（わかるようにする）こと
マイナンバーカード（No.520）のICチップに入っています。"
電子申請サービス,インターネットで、申し込んだり手続き（あなたがやらなければいけないこと）ができるサービス
転出,【横浜市版】横浜市から別のところに引っ越し（住む場所を変えること）すること
転出証明書,転出届を出すともらえる書類（紙）。引っ越し（住む場所を変えること）したところの役所に出します。
転出届,【横浜市版】横浜市から別のところに引っ越し（住む場所を変えること）する時、役所に出す紙。転出証明書（No.355）がもらえます。
転出入,転出（No.354）と転入（No.358）のこと。
転入,【横浜市版】別のところから引っ越し（住む場所を変えること）てくること。
転入届,【横浜市版】別のところから横浜市に引っ越し（住む場所を変えること）てきた時に役所に出す書類（紙）
天引き,給与（給料やボーナスなど）などから税金が引かれること
登記事項証明書（成年後見制度）,成年後見制度（No.295）で「後見人（No.127）」と「成年被後見人（No.296）」との関係を証明する（わかるようにする）ための書類（紙）。法務局（市役所や区役所とはちがう役所）が出します。
登記申請（成年後見制度）,「後見人（No.127）と「成年被後見人（No.296）」との関係を、法務局（市役所や区役所とはちがう役所）に登録する（知らせる）こと。
登録印,役所に印鑑登録（No.23）したはんこ
登録印鑑亡失届,印鑑登録（No.23）したはんこをなくしたことを役所に知らせる書類（紙）
独身証明書,「今は結婚していない」ことを証明する（わかるようにする）紙。自分の国の役所が出します。
特定健康診査,横浜市が決めたお医者さんが、１年に１回40歳から74歳の人の体の具合をみます。
特定個人情報,マイナンバー（No.519）が入っている個人情報
特定疾患及び指定難病,医療給付をもらうことができる難病。国が決めた難病。
特別永住者証明書,「特別永住者」がもつカード。区役所戸籍課（No.153）でもらえます。
特別支援学校はまっ子ふれあいスクール,"特別支援学校※に通う小学生・中学生が授業が終わったあと、そのまま学校の中で楽しく安心して遊べるところ
※特別支援学校・・・障害のある子どもが、なるべくいろいろなことを自分でできるようになるよう学ぶ学校"
特別障害給付金,障害年金をもらえない人がもらいます。もらえないときもあります。
特別徴収,会社などが社員の住民税を集めて払うこと（⇔普通徴収）
都市計画税,市街化区域（家や店が集まるところ）に土地や建物を持つ人が市に払う税金
届出,引っ越し（住む場所を変えること）、子どもが生まれた時、婚姻（No.165）する時など、変わったことや変えることを役所に知らせること。
生ごみ,食べ物などの残り、くさるごみ
難病,原因が分からないため、なおすことが難しい病気
日常生活用具,障害者がもらうことができる、生活に必要な道具。もらえる人や、道具の種類は、決まっています。
入学承諾書,入学できることが分かる書類（紙）。これから入る学校からもらいます。
入学通知,新しく入る学校の名前と学校に入る日が分かる紙
入学手続,学校に入る前にする手続（あなたがやらなければいけないこと）のこと
入所,（保育園などに）入ること
入所選考,条件（必要であること）に合わせて（保育園などに）入ることができる人を選ぶこと
入所要件,（保育園などに）入るための条件（必要であること）
入籍届,日本人でお父さんやお母さんと子が別の戸籍（No.152）にいる時に、一緒の戸籍にするため、役所に出す書類（紙）
乳幼児健康診査（乳幼児健診）,"赤ちゃんが０歳４か月、１歳６か月、３歳になった時に、元気に育っているか、悪いところがないかを、区役所でみてくれます。
背の高さ、体の重さもはかります。"
乳幼児歯科相談,区役所で歯のお医者さんなどが小さい子やお母さんの歯をみてくれます。小学生になるまでの子どもや子どもを生む前や生んだ後のお母さんの歯をみてくれます。
任意後見制度,一人で大事なことを決めたり、お金を払うことがむずかしくなる前に、代わりにやってくれる人（後見人）を先に決めておく制度（決まりごと）です。
任意代理人,自分の代わりに手続（あなたがやらなければいけないこと）をする（できる）人。自分で決めた人
認可外保育室（施設）,子どもを預ける（世話をしてもらう）ことができます。保育室の大きさや預けるためのお金が横浜市が決めた保育室と少し違います。
認可保育園,子どもを預ける（世話をしてもらう）ことができます。法律（児童福祉法）できめて作りました。
認可保育所,子どもを預ける（世話をしてもらう）ことができます。法律（児童福祉法）できめて作りました。
認知症,さまざまな原因で、のうに変化が起こり、それまでできていたことができなくなり、生活で困ることが増えてしまう状態です。
認定こども園,小学校に入る前の子どもを預かります（世話をしてもらう）。幼稚園と保育園が一緒になったところです。子どもを育てることの相談（聞くこと）もできます。
妊婦健康診査（妊婦健診）,おなかに赤ちゃんがいる人の体の調子（具合）をみます。
妊婦健康診査費用補助券,妊婦健康診査のお金が安くなる券（紙、チケット）
妊婦歯科健診,横浜市が決めた歯のお医者さんで、子どもができたら子どもを生む前に（１回）歯をみてもらえます。
年金事務所,「日本年金機構」の事務所です。
年金生活者支援給付金,年金をもらっている人で、収入が少ない人が追加してもらえる場合のあるお金
年末調整,会社がその年に天引きした所得税額を、年末（一年の終わり）に正しい額にすること。税金が戻ります（足りないときは払います）。
納期限,税金をいつまでに払わなければいけないかということ
納税,税金を払うこと
納税義務者,税金を払う人
納税者,税金を払う人
納税証明書,税金を払ったことを証明する（わかるようにする）書類（紙）
納税通知書,税額や納期限を書いた書類（紙）
納付,税金などを払うこと
ハートフルスペース,不登校（No.455）の小学生と中学生が、何かを作ったりスポーツをするところ。相談などできます。
ハートフルフレンド,外に出るのが難しい不登校（No.455）の小学生と中学生の家に、大学生や大学院生が行きます。家で遊んだり楽しくお話をします。
ハートフルルーム,不登校（No.455）の小学生と中学生が、勉強やスポーツなどをするところ。学校に行ったり自分で生活できるように手伝ってくれます。
廃棄,捨てること
廃棄物,ごみ。いらなくなって捨てる（捨てた）もの。
配偶者,結婚している相手
排出,出すこと
ハザードマップ,災害のときに危ないところや避難場所（逃げるところ）を書いた地図
バス・地下鉄１日乗車券,横浜市営のバスと地下鉄のきっぷ。一日に何回でも乗ることができます。
バス・地下鉄連絡定期券,何回でも乗れる安いきっぷ。いつからいつまでと決まっています。地下鉄の場所は決まっています。市営のバスはどこでも乗れます。「あかいくつ」は乗れません。
バス営業所,バスの事務所。忘れ物やきっぷについて相談できます。
バス回数乗車券,たくさんの市営バスのきっぷをセットにしたもの。一回ずつ買うより安いです。
バス共通定期券,決まった場所で何回でも乗れる安いきっぷ。１か月か３か月の間 使うことができます。横浜市営バスと他の会社のバスに乗れます。
発行,紙などを出すこと
判決離婚,裁判で決まった離婚（結婚をやめること）。
犯罪発生情報,住んでいるところの近くで起きている犯罪のお知らせ
被害,けがをしたり、大事なものをなくしたり、心が痛くなったりします。災害や事件などが原因です。
非課税,税金が０円であること
非課税証明書,税金が０円であることを証明する（わかるようにする）紙
ひきこもり状態,長い間、家から出ないこと。
被災者,災害で被害を受けた人。家が壊れた人、けがをした人、死んだ人などです。
非常停止ボタン,危ない時に押すと電車がとまります。
備蓄,災害のときのために、食べものや水などを用意すること。
非定型的保育,お父さんやお母さんが仕事などで、世話ができない時に、子どもを預ける（世話をしてもらう）ことができます。
ひとり親家庭等,お母さんまたはお父さんだけで子どもを育てているうち（家庭）と、お母さんだけで子どもを育てていたことがある人
ひとり親家庭等医療費助成,「お母さんと子ども」や「お父さんと子ども」で住んでいる人は、病院や薬のお金が０円になります。ただし、お金が多い人はもらえません。
避難,災害のときに逃げることです。
避難勧告,横浜市が出す「逃げろ！」というお知らせ。災害のときに出ます。
避難場所,災害が起きたときに逃げるところ
被爆者,原子爆弾で病気やけがをして、今も苦しんでいる人たちのこと
被爆者援護費,被爆者が役所で手続きをすると１年に１回役所からもらうことができるお金
被爆者のこども医療費,役所で手続きをすると、被爆者の子どもが決まった病気にかかったときに、病院や薬局で払ったお金をもらうことができます。もらえるお金は決まっています。
被爆者はり・きゅうマッサージ療養費,役所で手続きをすると、被爆者がはり・きゅう・マッサージを受けて払ったお金をもらうことができます。もらえるお金は決まっています。
被扶養者,扶養してもらう人
被保険者,国民健康保険や健康保険に入っている人
被保険者証,健康保険に⼊っている人が病院にかかるときに出すカード。2024年12月２日秋からマイナンバーカード(№520)が被保険者証の代わりになります。
被保護世帯,生活保護をうけている世帯
病後児保育,お父さんやお母さんなどが仕事の時や、急な用事がある時に病気がだいたいよくなった子どもを保育所に預ける（世話をしてもらう）ことができます。
病児保育,病気中の子どもを保育所に預ける（世話をしてもらう）こと。お父さんやお母さんが仕事などの時に使うことができます。
副教材費（学用品費）,子どもが学校で使う問題集や勉強の道具を買うためのお金
福祉医療証,病院や薬局で見せると、払うお金が0円になります。たとえば、お父さん・お母さんのどちらかがいなくて、子どもがいる家はもらうことができます。
福祉タクシー利用券,障害がある人がタクシーに乗るときに使える券（チケット）。横浜市が決めた人がもらえます。手続きしなければなりません。
福祉特別乗車券,この券（チケット）で、横浜市内のバス、地下鉄、シーサイドラインに０円で乗ることができます。横浜市が決めた人がもらえます。手続しなければいけません。
福祉保健センター,生活や健康（元気でいること）について、相談（聞くこと）ができたり、助けてもらう（力を貸してもらう）ことができます。
福祉用具,おとしよりや障害者の生活を助けるためのもの
父子家庭,お父さんだけで子どもを育てるうち（家庭）
不審電話,怪しい電話、変な電話
普通徴収,住民税を自分で払うこと（⇔特別徴収）
不登校,いろいろな理由で、学校に行くことができない日が１年の間に３０日以上あります。
不動産取得税,土地を買ったり 家を建てたりしたときに払う税金
不動産登記申請,家を買ったことなどを法務局に教えること
不妊去勢手術,ペットが子どもをつくれない・産めないようにする手術
不法投棄,法律を守らないで捨てること
扶養,生活を養うこと。支えること、サポートすることなど
プラスチック製容器包装,商品を入れたり包んだりしているプラスチック。「プラマーク」がついているもの
振り込め詐欺,相手にうそを言ってお金を取ること。オレオレ詐欺や、還付金詐欺があります。
ブルーライン,あざみ野駅から湘南台駅まで行く横浜市の地下鉄です。青い線です。
フレイル,年をとったり病気になって、からだとこころのはたらきが悪くなってきて、そのうち介護が必要となりそうな状態のこと
プレパパ,もうすぐお父さんになる人
紛失,失くすこと
文書照会方式（印鑑登録など）,運転免許証（No.28)や在留カード（No.178）がない人が印鑑登録（No.23）する時のやり方のひとつ。あとで家にとどく手紙を役所にもっていきます。
分別,ごみを出すときに分けること
変更,変えること
返納,役所でもらった書類（紙）やカードを役所に返すこと
保育・教育コンシェルジュ,子どもを預ける（世話をしてもらう）ところを相談（聞くこと）ができる役所の人
保育園,お父さんやお母さんなどが仕事などで、家で子どもを育てることができない時、子どもを預ける（世話をしてもらう）ことができます。０〜５歳の子どもを預けることができます。
保育サービス,子どもを預ける（世話をしてもらう）ことができる場所やサービス
保育士,昼間子どもの面倒を見る（世話をする）ことができない時に、保育所などで、子どもの面倒をみる人（資格のある人）。※資格…ライセンス
保育施設,子どもを預ける（世話をしてもらう）ことができます。保育所や横浜保育室などのことです。
保育室開放,親（お父さん、お母さんなど）と子どもが自由に使うことができます。他の親や子どもと知り合うことができます。決まった時間に使うことができます。
保育所,お父さんやお母さんなどが仕事などで、家で子どもを育てることができない時、子どもを預ける（世話をしてもらう）ことができます。０〜５歳の子どもを預けることができます。
保育料,子どもを保育所に預ける（世話をしてもらう）時に毎月払うお金です。
ポイ捨て禁止,ごみ（たばこや空き缶など）を、街に捨てること
放課後,学校の授業が終わったあとの時間
放課後キッズクラブ,小学生が授業が終わったあと、そのまま学校の中で遊ぶことができるところ。仕事をしている親（お父さん、お母さんなど）がむかえに来るまで自分の家の代わりにいることもできます。
放課後児童クラブ,小学生が授業が終わったあと、仕事をしている親（お父さん、お母さんなど）がむかえに来るまで自分の家の代わりにいることができるところ。世話をする人もいて、みんなで遊んだり、宿題をしたり、おやつを食べたりして一緒にいろいろなことをします。
防災,災害を防ぐ（起こらないようにする）こと。
防災訓練,防災の練習。例えば、火事を消す練習をします。
防災資機材,災害を防ぐ（起こらないようにする）ための道具。消火器など。
防災備蓄庫,災害が起きたときのために、道具や食べものなどを入れるところ。
法人県民税,県内にある会社などが県に払う税金
法人市民税,市内にある会社などが市に払う税金
（自転車等の）放置,"自転車やオートバイを、止めてはいけないところ※に置いて、そこからいなくなること
止めてはいけないところは決まっています。※道の上や公園などの公共の場所"
放置自転車等,道や公園などの、停めてはいけないところに、置いたままにしてある自転車やオートバイ
法定後見制度,一人で大事なことを決めたり、お金を払うことがむずかしくなった時、代わりにやってくれる人（後見人）を決める制度（決まりごと）です。裁判所（法律でよい、悪いを決めるところ）が決めます。
法定代理人,子どもなど、自分で手続（あなたがやらなければいけないこと）できない人のかわりに手続きする（できる）人。お父さんやお母さんなど
防犯情報,犯罪から自分たちを守るためのお知らせ
防犯灯,夜に歩いている人の安全を守るための明かり
防犯パトロール,住んでいるところの近くの安全を守るためにパトロールする（見て回る）こと
ホームドア,電車と駅の間にあるドア。
保健,元気でいることができるようにすること
保健活動推進員,地域の人が元気でいるための活動をするリーダー。たとえば、散歩や体操を計画します。横浜市と一緒にやっています。
保健師,みんなが健康（元気）でいることを助ける（力を貸す）役所の人
保険証,健康保険に入っていることを証明する（分かるようにする）カード
保険診療,健康保険をつかって病気やけがを治すこと。健康保険がお金の一部を払うため、病院で払うお金が安いです。
保険料（国民健康保険）,国民健康保険に入っている人が払うお金
保険料（国民年金）,国民年金に入っている人が払うお金
保険料の納付猶予（国民年金）,20歳から49歳までの人で、収入が少なく国民年金の保険料が払えない人は、保険料を払わなくていいことがあります。手続きしなければなりません。
保険料の免除,給料や年金が少ない人は申し込みをすると国民年金の保険料を払わなくてもよいときがあります。
保護者,お父さんやお母さんなど、子どもの生活を守っている人
母子家庭,お母さんだけで子どもを育てるうち（家庭）
母子寡婦（福祉）,お母さんだけで子どもを育てるうち（家庭）と、お母さんだけで子どもを育てていたことがある人
母子健康手帳,お母さんの体の調子（具合）や赤ちゃんの成長（育つこと）などを書いた手帳（ノート）です。妊娠（赤ちゃんができること）したら、区役所の福祉保健センターに知らせると、母子健康手帳※がもらえます。  ※母子手帳ともいいます
母子生活支援施設,お母さんと子どもがしばらくの間生活するところ。生活（家やお金など）に困っている人が使うことができます。
母子父子寡婦福祉資金,お母さんかお父さんだけでこどもを育てているうち（家庭）の子どもが学校へ行くためなどに借りるお金。借りることができるかもしれません。
母子訪問,赤ちゃんがいる家に、助産師や保健師が行きます。子育て（子どもを育てること）で困ったことなどの相談する（聞く）ことができます。
保証人方式（印鑑登録）,運転免許証（No.28）や在留カード（No.178）がない人が印鑑登録（No.23）する時のやり方。すでに印鑑登録をしている人に手伝ってもらいます。すぐに登録（知らせること）できます。
補装具,障害がある人が、体の障害がある部分をたすけたり、かわりにして使う道具です。
本籍（本籍地）,戸籍（No.152）のあるところ
本人確認書類（資料）,自分の名前や生まれた日、住所などを証明する（わかるようにする）もの。運転免許証（No.28）やマイナンバーカード（No.520）や在留カード（No.178）など。
本人自署,自分で自分の名前を書くこと。サイン。
マイナポータル,インターネットのサービスです。あなたの情報（データ）や役所からのお知らせを見ることができます。マイナンバーカード(No.520)が必要です。
マイナンバー（個人番号）,12ケタの数字です。すべての人（日本に住民票がある人）が一人ひとつ持っています。個人番号とも言います。
マイナンバーカード,マイナンバー（No.519)、顔写真付きのカード（プラスチック）です。申請した人がもらいます。名前、住所、生まれた日、性別（男か女）も書いてあります。
マイナンバーカード券面記載事項変更（個人番号カード券面記載事項変更）,マイナンバーカード（No.520）に書いてあること（名前、住所、性別（男か女）、有効期限）を役所に変えてもらうこと
"マイナンバーカード申請
（個人番号カード申請）",マイナンバーカード（No.520)がほしいと、役所に知らせること
"マイナンバーカード紛失
（個人番号カード紛失）",マイナンバーカード（No.520）を失くすこと。すぐに電話（0120-0178-27）で知らせてください。
マイナンバー法（行政手続における特定の個人を識別するための番号の利用等に関する法律）,マイナンバー（No.519）の使い方を決めている法律（決まり）です。
未就学児,小学校に入る前の子ども
認印,印鑑登録（No.23）していないはんこ（実印（No.190）ではありません）
みなとぶらりチケット,横浜市営のバス、地下鉄や神奈中バスに、決められたエリア内で一日に何回も乗ったり降りたりできるきっぷ（チケット）。
民生委員・児童委員,①生活や子どもについて、相談（聞くこと）ができる地域の人②生活や子どもについて、相談できる地域の人③子どもについて相談できる地域の人
免除,お金を払わなくていいこと
申立書,意見や希望（してほしいこと）を書いた書類（紙）。役所や裁判所に出す書類（紙）のことを言うことが多いです。
持ち去り,とること
夜間急病センター,"夜、行くことができる病院。
毎日、20:00～0:00に行くことができます。内科と小児科があります。"
郵送申請,手紙で、役所に知らせること
郵送請求,郵送申請（No.533）と同じ
ゆずりあいシート,おじいさんやおばあさん、体の不自由な方、お腹に赤ちゃんがいる人など、席を必要としている人のための席です。誰でも座れますが、あなたの近くに席を必要としている人がいたら、代わってください。
要援護者,災害の時に助けが必要な人（おとしよりや障害のある人など）。
要介護,介護が必要なこと
要介護者,ふだんの生活にたすけがひつような人です。
要介護認定,どれくらい介護（生活の世話をすること）が必要か、みてもらうこと
養護老人ホーム,おとしより（65歳以上）が住むところです。たとえば世話をする人がいなかったり、収入が少なくて、家で生活ができなくなった人が使います。
要支援,ふだんの生活にすこしたすけがいること
要支援認定,毎日の生活に少し助けが必要か見てもらうこと
幼稚園,３〜５歳の子どもが行きます。小学校に入る前に簡単な教育をします。
横浜保育室,子どもを預ける（世話をしてもらう）ことができます。横浜市が決めました。０〜２歳の子どもを預けることができます。３歳以上の子どもを預けることができる保育室もあります。
予診票（予防接種）,体の具合やいままでの病気について書く紙。お医者さんは、予診票をみて、予防接種をしていいかどうかをきめます。
予防接種,病気にかからないようにするための注射や薬
予防接種券,元気かどうか、病気かどうか書く紙。お医者さんは、予防接種券（予診票）を見て、予防接種をしていいかどうかをきめます。
離婚届,結婚した２人が結婚をやめるため、役所に出す書類（紙）
リサイクル,いらなくなったものをもう一度使えるようにする。
罹災証明書,災害で家が壊れたことを証明する（わかるようにする）紙
リデュース,ごみになるものを少なくすること
リハビリテーション,からだの動きや働きなどを訓練してよくすること
リフレッシュ保育（一時保育事業）,子育て（子どもを育てること）中のお父さんやお母さんなどが、休みたい時に、小学校に入る前の子どもを保育所に、預ける（世話をしてもらう）ことができます。
リユース,捨てないで何回も使うこと
療育手帳,18歳くらいまでに知的きのうの障害があらわれた人が持つことができる手帳（ノート）
利用者証明書用電子証明書,電子証明（No.352）のこと
両親教室,はじめてお父さんお母さんになる人のための教室です。子どもが生まれるまでのことや生まれた後のことを教えてくれます。同じころに赤ちゃんが生まれる人が集まるので、友だちをつくることもできます。
旅券,パスポート
老人福祉センター,横浜市内に住む60歳以上の人が使うことができる施設です。音楽やスポーツの教室に参加したり、広い部屋で仲間と一緒に過ごすことができます。
老齢基礎年金,65歳以上の人がもらいます。もらえないときもあります。
若者サポートステーション,若い人が仕事に就くことについて相談（聞くこと）や勉強ができる場所。０円です。
※「分野」の意味　　,災害や病気
